{
    "random_forest": {
        "roc_auc": 0.8862538427755818,
        "accuracy": 0.7953795379537953,
        "f1": 0.7769784172661871,
        "precision": 0.7714285714285715,
        "recall": 0.782608695652174
    },
    "gradient_boosting": {
        "roc_auc": 0.8811813790074661,
        "accuracy": 0.7953795379537953,
        "f1": 0.7737226277372263,
        "precision": 0.7794117647058824,
        "recall": 0.7681159420289855
    },
    "neural_network": {
        "roc_auc": 0.8550944224857269,
        "accuracy": 0.735973597359736,
        "f1": 0.754601226993865,
        "precision": 0.6542553191489362,
        "recall": 0.8913043478260869
    }
}